Wall time,Step,Value
1690527868.278156,6,-64.0
1690527868.2954612,7,-48.0
1690527868.3640552,11,-52.0
1690527868.381301,12,-50.0
1690527868.415652,14,-46.0
1690527868.432686,15,-48.0
1690527868.449965,16,-32.0
1690527868.484061,18,-44.0
1690527868.50093,19,-48.0
1690527868.5176919,20,-44.0
1690527868.534871,21,-42.0
1690527868.6016629,25,-34.0
1690527868.7544901,34,-50.0
1690527868.771435,35,-40.0
1690527868.805173,37,-56.0
1690527868.856076,40,-60.0
1690527868.873718,41,-48.0
1690527868.907577,43,-48.0
1690527868.941865,45,-38.0
1690527868.958977,46,-40.0
1690527868.993362,48,-38.0
1690527869.027533,50,-50.0
1690527869.0445619,51,-40.0
1690527869.096041,54,-34.0
1690527869.112455,55,-48.0
1690527869.1293929,56,-52.0
1690527869.146872,57,-54.0
1690527869.1631172,58,-40.0
1690527869.2151191,61,-48.0
1690527869.232333,62,-50.0
1690527869.2666502,64,-48.0
1690527869.30108,66,-48.0
1690527869.318023,67,-52.0
1690527869.3353128,68,-56.0
1690527869.35216,69,-52.0
1690527869.4036841,72,-46.0
1690527869.420696,73,-32.0
1690527869.437697,74,-40.0
1690527869.454849,75,-32.0
1690527869.4892192,77,-52.0
1690527869.540396,80,-40.0
1690527869.625095,85,-42.0
1690527869.642494,86,-52.0
1690527869.658821,87,-22.0
1690527869.6756978,88,-32.0
1690527869.692912,89,-46.0
1690527869.7101161,90,-42.0
1690527869.794888,95,-10.0
1690527870.062913,103,-42.0
1690527870.11328,106,-20.0
1690527870.129906,107,-34.0
1690527870.246484,114,-44.0
1690527870.298623,117,-42.0
1690527870.332159,119,-50.0
1690527870.349281,120,-46.0
1690527870.366601,121,-44.0
1690527870.434231,125,-56.0
1690527870.451514,126,-48.0
1690527870.468189,127,-28.0
1690527870.518392,130,-10.0
1690527870.535649,131,-36.0
1690527870.586714,134,-32.0
1690527870.65439,138,-34.0
1690527870.6884952,140,-54.0
1690527870.722807,142,-36.0
1690527870.7395961,143,-24.0
1690527870.756907,144,-58.0
1690527870.773667,145,-44.0
1690527870.841661,149,-44.0
1690527870.876466,151,-40.0
1690527870.9272141,154,-26.0
1690527870.9442601,155,-26.0
1690527870.961157,156,-20.0
1690527870.994675,158,-36.0
1690527871.0117278,159,-22.0
1690527871.028897,160,-10.0
1690527871.0787358,163,-30.0
1690527871.1125288,165,-40.0
1690527871.128758,166,-32.0
1690527871.163169,168,-38.0
1690527871.1803,169,-38.0
1690527871.229405,172,-30.0
1690527871.312968,177,-46.0
1690527871.329983,178,-32.0
1690527871.347818,179,-36.0
1690527871.383483,181,-34.0
1690527871.4003992,182,-40.0
1690527871.435789,184,-34.0
1690527871.470173,186,-46.0
1690527871.487179,187,-32.0
1690527871.503904,188,-32.0
1690527871.521288,189,-28.0
1690527871.555804,191,-32.0
1690527871.573159,192,-16.0
1690527871.697763,199,-28.0
1690527871.901479,203,-36.0
1690527871.9678771,207,-32.0
1690527871.984229,208,-36.0
1690527872.0011,209,-32.0
1690527872.067274,213,-12.0
1690527872.117892,216,-28.0
1690527872.1671412,219,-32.0
1690527872.184024,220,-50.0
1690527872.234439,223,-24.0
1690527872.250766,224,-50.0
1690527872.284425,226,-34.0
1690527872.300817,227,-34.0
1690527872.316619,228,-36.0
1690527872.349979,230,-32.0
1690527872.3666618,231,-38.0
1690527872.400735,233,-28.0
1690527872.417471,234,-36.0
1690527872.434007,235,-40.0
1690527872.484119,238,-52.0
1690527872.534055,241,-46.0
1690527872.617345,246,-44.0
1690527872.650862,248,-10.0
1690527872.683786,250,-28.0
1690527872.7002199,251,-18.0
1690527872.783037,256,-10.0
1690527872.832462,259,-18.0
1690527872.849094,260,-12.0
1690527872.865708,261,-16.0
1690527872.883383,262,-28.0
1690527872.916747,264,-8.0
1690527872.982563,268,-38.0
1690527873.016017,270,-32.0
1690527873.048765,272,-16.0
1690527873.082313,274,-22.0
1690527873.166152,279,-18.0
1690527873.199361,281,-32.0
1690527873.2653902,285,-10.0
1690527873.348145,290,-34.0
1690527873.3811898,292,-10.0
1690527873.397552,293,-28.0
1690527873.447055,296,-36.0
1690527873.479202,298,-28.0
1690527873.4954739,299,-20.0
1690527873.641346,300,-14.0
1690527873.675476,302,-4.0
1690527873.692231,303,-8.0
1690527873.7088351,304,-36.0
1690527873.7766662,308,-12.0
1690527873.793764,309,-16.0
1690527873.827661,311,-14.0
1690527873.876738,314,0.0
1690527873.9428139,318,-18.0
1690527873.959691,319,-6.0
1690527873.976752,320,-22.0
1690527873.993228,321,-8.0
1690527874.025697,323,-22.0
1690527874.0751429,326,-14.0
1690527874.092115,327,-12.0
1690527874.108342,328,-12.0
1690527874.157894,331,-34.0
1690527874.1737149,332,-16.0
1690527874.208257,334,-34.0
1690527874.30756,340,-14.0
1690527874.339861,342,-6.0
1690527874.3890188,345,-8.0
1690527874.4058921,346,-22.0
1690527874.438677,348,-10.0
1690527874.45539,349,-4.0
1690527874.537527,354,-4.0
1690527874.554034,355,-6.0
1690527874.587209,357,4.0
1690527874.620794,359,-20.0
1690527874.63769,360,-34.0
1690527874.6540852,361,-22.0
1690527874.703999,364,-34.0
1690527874.7210839,365,-32.0
1690527874.771405,368,-38.0
1690527874.78797,369,-22.0
1690527874.820986,371,-36.0
1690527874.837455,372,-18.0
1690527874.870234,374,-14.0
1690527874.936969,378,-18.0
1690527874.953677,379,-10.0
1690527874.970403,380,-2.0
1690527875.003514,382,-12.0
1690527875.020227,383,-18.0
1690527875.068702,386,-22.0
1690527875.085342,387,-8.0
1690527875.101992,388,-20.0
1690527875.118381,389,-2.0
1690527875.150777,391,-10.0
1690527875.166506,392,-4.0
1690527875.182518,393,-20.0
1690527875.198911,394,-20.0
1690527875.4733481,403,-10.0
1690527875.4887471,404,-14.0
1690527875.521867,406,-6.0
1690527875.570027,409,-20.0
1690527875.6864488,416,-22.0
1690527875.70284,417,-18.0
1690527875.768183,421,-14.0
1690527875.784859,422,-22.0
1690527875.800863,423,-22.0
1690527875.8339899,425,4.0
1690527875.866963,427,4.0
1690527875.933155,431,-10.0
1690527876.079523,440,-12.0
1690527876.095855,441,-16.0
1690527876.111976,442,-12.0
1690527876.1286259,443,2.0
1690527876.1616158,445,-22.0
1690527876.1773472,446,-28.0
1690527876.225922,449,-22.0
1690527876.275985,452,-10.0
1690527876.390452,459,0.0
1690527876.406965,460,2.0
1690527876.423033,461,2.0
1690527876.4398432,462,-2.0
1690527876.4723048,464,-14.0
1690527876.48875,465,-4.0
1690527876.50575,466,-12.0
1690527876.5378659,468,6.0
1690527876.554271,469,-8.0
1690527876.5704708,470,-8.0
1690527876.603154,472,-4.0
1690527876.6360588,474,-12.0
1690527876.6520908,475,-4.0
1690527876.71753,479,14.0
1690527876.832154,486,-6.0
1690527876.880265,489,-14.0
1690527876.896825,490,-2.0
1690527876.929287,492,-16.0
1690527876.961781,494,-10.0
1690527877.011364,497,-12.0
1690527877.3285398,508,-14.0
1690527877.378755,511,-8.0
1690527877.3966238,512,-10.0
1690527877.412956,513,-24.0
1690527877.445358,515,-16.0
1690527877.479223,517,-12.0
1690527877.4960582,518,-24.0
1690527877.529429,520,-4.0
1690527877.611815,525,-4.0
1690527877.6274638,526,-6.0
1690527877.723351,532,-16.0
1690527877.7550988,534,-8.0
1690527877.771425,535,2.0
1690527877.787254,536,-12.0
1690527877.8030772,537,-6.0
1690527877.819032,538,-6.0
1690527877.8354821,539,-8.0
1690527877.851557,540,-10.0
1690527877.867682,541,-14.0
1690527877.883261,542,-4.0
1690527877.899893,543,-20.0
1690527877.9315,545,-24.0
1690527877.978692,548,-12.0
1690527877.994688,549,-12.0
1690527878.01087,550,-12.0
1690527878.043094,552,-22.0
1690527878.1078432,556,-18.0
1690527878.14017,558,-8.0
1690527878.172485,560,-20.0
1690527878.23598,564,-10.0
1690527878.251981,565,6.0
1690527878.267884,566,-20.0
1690527878.300158,568,-16.0
1690527878.332594,570,-12.0
1690527878.364817,572,-6.0
1690527878.397624,574,6.0
1690527878.413887,575,-10.0
1690527878.461898,578,-14.0
1690527878.4938738,580,-8.0
1690527878.510147,581,-12.0
1690527878.526208,582,-6.0
1690527878.542448,583,-10.0
1690527878.558197,584,-2.0
1690527878.574445,585,-14.0
1690527878.6061041,587,-12.0
1690527878.6222,588,-16.0
1690527878.70259,593,-6.0
1690527878.718784,594,-6.0
1690527878.750898,596,4.0
1690527878.7672472,597,-8.0
1690527878.783473,598,-16.0
1690527878.9609978,601,4.0
1690527878.9935832,603,4.0
1690527879.025687,605,-12.0
1690527879.0581179,607,-4.0
1690527879.0900679,609,-6.0
1690527879.1221209,611,-12.0
1690527879.137994,612,-18.0
1690527879.1537092,613,-4.0
1690527879.201532,616,-12.0
1690527879.265329,620,-14.0
1690527879.2808871,621,4.0
1690527879.312927,623,-16.0
1690527879.329225,624,-2.0
1690527879.3614879,626,-16.0
1690527879.426207,630,-14.0
1690527879.506797,635,-10.0
1690527879.617783,642,4.0
1690527879.634151,643,-4.0
1690527879.665985,645,-6.0
1690527879.682327,646,4.0
1690527879.697261,647,-8.0
1690527879.713077,648,-20.0
1690527879.7292821,649,-2.0
1690527879.745277,650,-12.0
1690527879.777146,652,-8.0
1690527879.792522,653,0.0
1690527879.855598,657,-4.0
1690527879.871212,658,-12.0
1690527879.902996,660,-2.0
1690527879.9350479,662,-4.0
1690527879.982764,665,6.0
1690527880.014934,667,-26.0
1690527880.0309062,668,-6.0
1690527880.0469172,669,-10.0
1690527880.0945358,672,-4.0
1690527880.110914,673,-14.0
1690527880.126501,674,-12.0
1690527880.142292,675,-18.0
1690527880.158426,676,4.0
1690527880.190043,678,-14.0
1690527880.205785,679,12.0
1690527880.2216341,680,0.0
1690527880.253123,682,14.0
1690527880.26847,683,-8.0
1690527880.284416,684,4.0
1690527880.300082,685,-14.0
1690527880.3153448,686,-10.0
1690527880.3304791,687,-14.0
1690527880.361875,689,-6.0
1690527880.3776178,690,6.0
1690527880.425152,693,0.0
1690527880.488481,697,-22.0
1690527880.665195,700,0.0
1690527880.6799989,701,-8.0
1690527880.696028,702,-12.0
1690527880.728508,704,-14.0
1690527880.744504,705,-2.0
1690527880.7601018,706,-16.0
1690527880.77501,707,-10.0
1690527880.8068411,709,-14.0
1690527880.822658,710,-6.0
1690527880.837866,711,-10.0
1690527880.900162,715,-22.0
1690527880.9634619,719,4.0
1690527880.979337,720,-14.0
1690527881.010324,722,-18.0
1690527881.026166,723,-8.0
1690527881.0422049,724,2.0
1690527881.0579379,725,-6.0
1690527881.073411,726,-16.0
1690527881.0896041,727,2.0
1690527881.1372192,730,6.0
1690527881.152708,731,6.0
1690527881.247143,737,-10.0
1690527881.278717,739,-8.0
1690527881.294982,740,-8.0
1690527881.310886,741,-12.0
1690527881.327049,742,-12.0
1690527881.358382,744,-10.0
1690527881.4055371,747,-8.0
1690527881.421067,748,-6.0
1690527881.467756,751,16.0
1690527881.483706,752,0.0
1690527881.4993548,753,6.0
1690527881.530475,755,-14.0
1690527881.562144,757,-2.0
1690527881.609629,760,2.0
1690527881.625201,761,-4.0
1690527881.6561651,763,0.0
1690527881.702983,766,8.0
1690527881.718737,767,-6.0
1690527881.734665,768,-16.0
1690527881.7664168,770,-2.0
1690527881.7825432,771,-10.0
1690527881.798222,772,14.0
1690527881.8295019,774,8.0
1690527881.845213,775,-20.0
1690527881.861094,776,-4.0
1690527881.9386728,781,-12.0
1690527882.00103,785,-10.0
1690527882.016274,786,8.0
1690527882.04701,788,-10.0
1690527882.0783591,790,0.0
1690527882.10948,792,-12.0
1690527882.124831,793,8.0
1690527882.140228,794,-4.0
1690527882.155971,795,-10.0
1690527882.171653,796,-6.0
1690527882.187171,797,-6.0
1690527882.218343,799,-14.0
1690527882.378761,801,8.0
1690527882.408282,803,-6.0
1690527882.454232,806,-14.0
1690527882.484514,808,-8.0
1690527882.499947,809,-10.0
1690527882.516042,810,-4.0
1690527882.578275,814,0.0
1690527882.61057,816,-4.0
1690527882.626411,817,-2.0
1690527882.657481,819,-2.0
1690527882.704843,822,-8.0
1690527882.736511,824,0.0
1690527882.752786,825,0.0
1690527882.769057,826,-2.0
1690527882.8167748,829,6.0
1690527882.864044,832,-2.0
1690527882.87973,833,-8.0
1690527882.914322,835,8.0
1690527882.946048,837,-12.0
1690527882.978445,839,-8.0
1690527883.057177,844,10.0
1690527883.088814,846,-6.0
1690527883.104764,847,-4.0
1690527883.120542,848,-10.0
1690527883.137038,849,-6.0
1690527883.1832168,852,-6.0
1690527883.2776902,858,0.0
1690527883.3077052,860,8.0
1690527883.322348,861,-2.0
1690527883.337388,862,4.0
1690527883.352756,863,-4.0
1690527883.367935,864,4.0
1690527883.429455,868,-4.0
1690527883.460151,870,-2.0
1690527883.4753752,871,0.0
1690527883.5216231,874,-8.0
1690527883.536353,875,-8.0
1690527883.551711,876,-8.0
1690527883.566984,877,-8.0
1690527883.5820749,878,-2.0
1690527883.6129541,880,2.0
1690527883.6282508,881,-2.0
1690527883.643611,882,-2.0
1690527883.658698,883,-4.0
1690527883.689971,885,2.0
1690527883.736384,888,4.0
1690527883.76802,890,-2.0
1690527883.783628,891,0.0
1690527883.8147311,893,-2.0
1690527883.829956,894,4.0
1690527883.875666,897,12.0
1690527883.890678,898,4.0
1690527884.050835,900,-8.0
1690527884.065035,901,-4.0
1690527884.1730292,908,0.0
1690527884.1880078,909,2.0
1690527884.203796,910,-4.0
1690527884.220564,911,4.0
1690527884.236286,912,-6.0
1690527884.25183,913,-2.0
1690527884.26651,914,2.0
1690527884.296792,916,-8.0
1690527884.312027,917,-6.0
1690527884.327245,918,-2.0
1690527884.372479,921,-6.0
1690527884.387331,922,6.0
1690527884.402189,923,-2.0
1690527884.417748,924,-4.0
1690527884.4485152,926,0.0
1690527884.538649,932,0.0
1690527884.554235,933,0.0
1690527884.569181,934,4.0
1690527884.600074,936,-4.0
1690527884.6607099,940,-2.0
1690527884.7064,943,4.0
1690527884.752841,946,-2.0
1690527884.812751,950,2.0
1690527884.8579042,953,-2.0
1690527884.873151,954,-2.0
1690527884.887887,955,0.0
1690527884.917898,957,0.0
1690527884.933444,958,-2.0
1690527884.9483788,959,-2.0
1690527884.9934661,962,-4.0
1690527885.0080798,963,-2.0
1690527885.0377338,965,0.0
1690527885.0678232,967,0.0
1690527885.082849,968,2.0
1690527885.1120808,970,-2.0
1690527885.141902,972,0.0
1690527885.15676,973,0.0
1690527885.1877508,975,-2.0
1690527885.217132,977,2.0
1690527885.232401,978,0.0
1690527885.2475562,979,2.0
1690527885.262764,980,-2.0
1690527885.307789,983,0.0
1690527885.322418,984,-2.0
1690527885.337674,985,2.0
1690527885.382603,988,0.0
1690527885.398009,989,0.0
1690527885.519853,997,0.0
1690527885.696212,1000,0.0
1690527885.710778,1001,2.0
1690527885.739226,1003,2.0
1690527885.769922,1005,0.0
1690527885.785043,1006,0.0
1690527885.830453,1009,0.0
1690527885.845587,1010,0.0
1690527885.875034,1012,0.0
1690527885.890035,1013,0.0
1690527885.9055822,1014,0.0
1690527885.921669,1015,-2.0
1690527885.966857,1018,0.0
1690527886.085322,1026,0.0
1690527886.10019,1027,0.0
1690527886.11505,1028,2.0
1690527886.145389,1030,0.0
1690527886.1751628,1032,0.0
1690527886.1903381,1033,2.0
1690527886.205835,1034,0.0
1690527886.235842,1036,0.0
1690527886.2663171,1038,-2.0
1690527886.281945,1039,0.0
1690527886.297226,1040,0.0
1690527886.342358,1043,0.0
1690527886.3572311,1044,0.0
1690527886.372509,1045,-2.0
1690527886.449709,1050,0.0
1690527886.480557,1052,0.0
1690527886.4955149,1053,0.0
1690527886.5253189,1055,0.0
1690527886.540982,1056,0.0
1690527886.571956,1058,2.0
1690527886.66257,1064,-2.0
1690527886.6771882,1065,0.0
1690527886.70732,1067,0.0
1690527886.737621,1069,0.0
1690527886.7978199,1073,0.0
1690527886.826692,1075,0.0
1690527886.857285,1077,0.0
1690527886.8876832,1079,2.0
1690527886.91869,1081,0.0
1690527886.948979,1083,0.0
1690527886.963849,1084,0.0
1690527886.978991,1085,0.0
1690527886.994289,1086,0.0
1690527887.009063,1087,2.0
1690527887.071042,1091,0.0
1690527887.101516,1093,0.0
1690527887.116844,1094,0.0
1690527887.337224,1100,2.0
1690527887.367831,1102,0.0
1690527887.398023,1104,0.0
1690527887.41309,1105,0.0
1690527887.4292638,1106,0.0
1690527887.518856,1112,0.0
1690527887.56456,1115,0.0
1690527887.595371,1117,-2.0
1690527887.641003,1120,0.0
1690527887.6867242,1123,0.0
1690527887.701907,1124,0.0
1690527887.732467,1126,-2.0
1690527887.74778,1127,0.0
1690527887.7630541,1128,0.0
1690527887.7785769,1129,-2.0
1690527887.809089,1131,0.0
1690527887.824478,1132,0.0
1690527887.854125,1134,0.0
1690527887.869233,1135,0.0
1690527887.884177,1136,2.0
1690527887.929118,1139,0.0
1690527887.9445739,1140,-2.0
1690527887.973592,1142,0.0
1690527888.093629,1150,0.0
1690527888.109021,1151,0.0
1690527888.124195,1152,0.0
1690527888.138731,1153,0.0
1690527888.183161,1156,0.0
1690527888.198418,1157,0.0
1690527888.2134259,1158,0.0
1690527888.2576761,1161,0.0
1690527888.2723699,1162,2.0
1690527888.288289,1163,0.0
1690527888.33449,1166,0.0
1690527888.519358,1178,0.0
1690527888.56461,1181,0.0
1690527888.596571,1183,0.0
1690527888.61199,1184,0.0
1690527888.642179,1186,0.0
1690527888.656586,1187,0.0
1690527888.7024808,1190,0.0
1690527888.748149,1193,0.0
1690527888.763426,1194,0.0
1690527888.778966,1195,0.0
1690527888.7935748,1196,0.0
1690527888.808626,1197,0.0
1690527888.823476,1198,0.0
1690527888.838433,1199,0.0
1690527888.98526,1200,2.0
1690527889.016487,1202,0.0
1690527889.0485692,1204,0.0
1690527889.063442,1205,0.0
1690527889.093399,1207,0.0
1690527889.1236439,1209,0.0
1690527889.154173,1211,0.0
1690527889.1692522,1212,0.0
1690527889.184248,1213,2.0
1690527889.199255,1214,0.0
1690527889.214314,1215,0.0
1690527889.22979,1216,0.0
1690527889.2901409,1220,0.0
1690527889.3656478,1225,0.0
1690527889.380862,1226,0.0
1690527889.4117498,1228,0.0
1690527889.4272692,1229,0.0
1690527889.487488,1233,0.0
1690527889.5026891,1234,0.0
1690527889.5177689,1235,0.0
1690527889.547534,1237,0.0
1690527889.59241,1240,0.0
1690527889.637134,1243,2.0
1690527889.6677911,1245,0.0
1690527889.697141,1247,2.0
1690527889.7124171,1248,0.0
1690527889.743144,1250,0.0
1690527889.7574668,1251,0.0
1690527889.801837,1254,2.0
1690527889.816895,1255,2.0
1690527889.831699,1256,0.0
1690527889.861461,1258,0.0
1690527889.8765419,1259,0.0
1690527889.8914938,1260,0.0
1690527889.9216971,1262,0.0
1690527889.937227,1263,0.0
1690527889.9529521,1264,0.0
1690527889.967978,1265,0.0
1690527889.983221,1266,0.0
1690527889.997605,1267,0.0
1690527890.0714839,1272,0.0
1690527890.086709,1273,0.0
1690527890.117043,1275,2.0
1690527890.176803,1279,0.0
1690527890.191435,1280,0.0
1690527890.2215931,1282,2.0
1690527890.28246,1286,0.0
1690527890.31292,1288,0.0
1690527890.343362,1290,0.0
1690527890.373177,1292,0.0
1690527890.388501,1293,0.0
1690527890.4036329,1294,0.0
1690527890.418545,1295,0.0
1690527890.448788,1297,0.0
1690527890.623389,1300,2.0
1690527890.63758,1301,0.0
1690527890.66665,1303,0.0
1690527890.682234,1304,0.0
1690527890.696645,1305,0.0
1690527890.72727,1307,2.0
1690527890.787882,1311,0.0
1690527890.81803,1313,0.0
1690527890.832845,1314,2.0
1690527890.8629272,1316,0.0
1690527890.877737,1317,0.0
1690527890.923591,1320,0.0
1690527890.939146,1321,0.0
1690527891.01557,1326,0.0
1690527891.0305548,1327,0.0
1690527891.045761,1328,0.0
1690527891.061038,1329,-2.0
1690527891.091361,1331,0.0
1690527891.1214652,1333,0.0
1690527891.1365,1334,0.0
1690527891.1516669,1335,0.0
1690527891.167176,1336,-2.0
1690527891.182015,1337,0.0
1690527891.19717,1338,0.0
1690527891.242605,1341,2.0
1690527891.2872078,1344,0.0
1690527891.31671,1346,0.0
1690527891.346892,1348,0.0
1690527891.361939,1349,0.0
1690527891.377318,1350,0.0
1690527891.392461,1351,2.0
1690527891.407845,1352,0.0
1690527891.469374,1356,0.0
1690527891.531153,1360,0.0
1690527891.56146,1362,0.0
1690527891.576421,1363,0.0
1690527891.621579,1366,-2.0
1690527891.6358411,1367,0.0
1690527891.650849,1368,0.0
1690527891.6957161,1371,0.0
1690527891.7415621,1374,-2.0
1690527891.756215,1375,0.0
1690527891.771445,1376,0.0
1690527891.801738,1378,0.0
1690527891.8170161,1379,0.0
1690527891.832153,1380,0.0
1690527891.8779929,1383,0.0
1690527891.908216,1385,-2.0
1690527891.922951,1386,-2.0
1690527891.93795,1387,0.0
1690527891.954011,1388,0.0
1690527891.969165,1389,0.0
1690527891.9845319,1390,-2.0
1690527892.015049,1392,0.0
1690527892.0303621,1393,0.0
1690527892.0743392,1396,0.0
1690527892.278913,1401,0.0
1690527892.4585931,1413,2.0
1690527892.473639,1414,0.0
1690527892.488964,1415,0.0
1690527892.5044658,1416,0.0
1690527892.565446,1420,0.0
1690527892.609922,1423,0.0
1690527892.625547,1424,-2.0
1690527892.6553862,1426,0.0
1690527892.67082,1427,0.0
1690527892.685845,1428,0.0
1690527892.701076,1429,0.0
1690527892.73145,1431,-2.0
1690527892.7616792,1433,0.0
1690527892.7766058,1434,0.0
1690527892.791659,1435,0.0
1690527892.8209221,1437,0.0
1690527892.8363469,1438,0.0
1690527892.851097,1439,0.0
1690527892.880752,1441,0.0
1690527892.91024,1443,0.0
1690527893.0016909,1449,0.0
1690527893.032612,1451,2.0
1690527893.10739,1456,-2.0
1690527893.1225111,1457,-2.0
1690527893.1817112,1461,0.0
1690527893.257375,1466,0.0
1690527893.272678,1467,-2.0
1690527893.333399,1471,0.0
1690527893.3928719,1475,2.0
1690527893.4368389,1478,0.0
1690527893.481889,1481,2.0
1690527893.4970748,1482,0.0
1690527893.512005,1483,0.0
1690527893.556275,1486,-2.0
1690527893.57143,1487,0.0
1690527893.6163762,1490,0.0
1690527893.6465359,1492,0.0
1690527893.661132,1493,2.0
1690527893.6759949,1494,0.0
1690527893.9110558,1501,0.0
1690527893.926392,1502,0.0
1690527893.9411561,1503,0.0
1690527893.9578261,1504,0.0
1690527893.9887402,1506,0.0
1690527894.004045,1507,0.0
1690527894.019833,1508,-2.0
1690527894.0351841,1509,0.0
1690527894.049918,1510,0.0
1690527894.0647979,1511,0.0
1690527894.080322,1512,0.0
1690527894.095226,1513,0.0
1690527894.110527,1514,0.0
1690527894.157042,1517,0.0
1690527894.1875489,1519,0.0
1690527894.266773,1524,0.0
1690527894.2823,1525,0.0
1690527894.298557,1526,0.0
1690527894.329219,1528,0.0
1690527894.435391,1535,0.0
1690527894.465834,1537,0.0
1690527894.5410051,1542,0.0
1690527894.556854,1543,-2.0
1690527894.615442,1547,0.0
1690527894.6456902,1549,0.0
1690527894.660644,1550,0.0
1690527894.690851,1552,-2.0
1690527894.705558,1553,0.0
1690527894.735113,1555,2.0
1690527894.749783,1556,0.0
1690527894.839568,1562,0.0
1690527894.8548028,1563,0.0
1690527894.86927,1564,0.0
1690527894.9428852,1569,0.0
1690527894.958221,1570,0.0
1690527895.094146,1579,0.0
1690527895.108802,1580,2.0
1690527895.153613,1583,0.0
1690527895.16842,1584,0.0
1690527895.183551,1585,0.0
1690527895.212957,1587,0.0
1690527895.242031,1589,0.0
1690527895.272668,1591,0.0
1690527895.317728,1594,0.0
1690527895.332855,1595,2.0
1690527895.363246,1597,0.0
1690527895.37821,1598,0.0
1690527895.538049,1600,0.0
1690527895.569031,1602,0.0
1690527895.584268,1603,0.0
1690527895.613705,1605,0.0
1690527895.629212,1606,2.0
1690527895.6888058,1610,0.0
1690527895.703373,1611,0.0
1690527895.733732,1613,0.0
1690527895.748554,1614,0.0
1690527895.763531,1615,0.0
1690527895.7785778,1616,0.0
1690527895.808083,1618,0.0
1690527895.823352,1619,0.0
1690527895.838186,1620,0.0
1690527895.8527,1621,0.0
1690527895.912701,1625,0.0
1690527895.942592,1627,0.0
1690527895.957911,1628,0.0
1690527895.972748,1629,-2.0
1690527896.002939,1631,0.0
1690527896.0325959,1633,0.0
1690527896.062295,1635,0.0
1690527896.09198,1637,2.0
1690527896.1071239,1638,2.0
1690527896.122495,1639,0.0
1690527896.152234,1641,0.0
1690527896.167712,1642,-2.0
1690527896.182691,1643,0.0
1690527896.197664,1644,0.0
1690527896.212267,1645,0.0
1690527896.2272189,1646,0.0
1690527896.2572029,1648,0.0
1690527896.271971,1649,0.0
1690527896.317445,1652,0.0
1690527896.332052,1653,0.0
1690527896.362345,1655,0.0
1690527896.377237,1656,0.0
1690527896.422156,1659,0.0
1690527896.43706,1660,0.0
1690527896.452505,1661,0.0
1690527896.4678452,1662,0.0
1690527896.483209,1663,0.0
1690527896.5139241,1665,0.0
1690527896.574778,1669,0.0
1690527896.6055381,1671,0.0
1690527896.6209972,1672,0.0
1690527896.635883,1673,0.0
1690527896.680484,1676,0.0
1690527896.6953259,1677,0.0
1690527896.725047,1679,0.0
1690527896.785505,1683,0.0
1690527896.8007529,1684,0.0
1690527896.815816,1685,2.0
1690527896.830357,1686,0.0
1690527896.859894,1688,0.0
1690527896.9186199,1692,0.0
1690527896.93369,1693,0.0
1690527896.963839,1695,2.0
1690527896.979475,1696,0.0
1690527896.994383,1697,0.0
1690527897.0097878,1698,0.0
1690527897.1699681,1700,0.0
1690527897.2156868,1703,0.0
1690527897.230947,1704,0.0
1690527897.2463071,1705,2.0
1690527897.261596,1706,0.0
1690527897.2769291,1707,0.0
1690527897.3219478,1710,0.0
1690527897.3367171,1711,0.0
1690527897.396744,1715,0.0
1690527897.411092,1716,0.0
1690527897.441016,1718,0.0
1690527897.4555771,1719,0.0
1690527897.470412,1720,0.0
1690527897.530887,1724,0.0
1690527897.5754611,1727,0.0
1690527897.606237,1729,0.0
1690527897.650943,1732,-2.0
1690527897.665959,1733,0.0
1690527897.680743,1734,0.0
1690527897.695515,1735,-2.0
1690527897.7104902,1736,0.0
1690527897.740931,1738,0.0
1690527897.756188,1739,0.0
1690527897.7715268,1740,0.0
1690527897.8163671,1743,0.0
1690527897.831697,1744,0.0
1690527897.862251,1746,0.0
1690527897.877601,1747,0.0
1690527897.893047,1748,2.0
1690527897.9385421,1751,0.0
1690527897.9690828,1753,0.0
1690527897.984184,1754,0.0
1690527897.999171,1755,0.0
1690527898.014245,1756,0.0
1690527898.120172,1763,0.0
1690527898.1353521,1764,0.0
1690527898.180489,1767,0.0
1690527898.256733,1772,0.0
1690527898.316698,1776,0.0
1690527898.3459961,1778,0.0
1690527898.375776,1780,0.0
1690527898.405447,1782,0.0
1690527898.420359,1783,0.0
1690527898.4356852,1784,0.0
1690527898.450851,1785,0.0
1690527898.5113878,1789,0.0
1690527898.526738,1790,0.0
1690527898.5420852,1791,0.0
1690527898.57275,1793,0.0
1690527898.587904,1794,0.0
1690527898.603007,1795,0.0
1690527898.663336,1799,0.0
1690527898.822609,1801,0.0
1690527898.8531148,1803,0.0
1690527898.8827882,1805,0.0
1690527898.8978229,1806,-2.0
1690527898.92835,1808,0.0
1690527898.989517,1812,0.0
1690527899.020035,1814,0.0
1690527899.035072,1815,0.0
1690527899.079853,1818,0.0
1690527899.1254468,1821,0.0
1690527899.185653,1825,0.0
1690527899.215706,1827,2.0
1690527899.230617,1828,0.0
1690527899.275813,1831,0.0
1690527899.336596,1835,0.0
1690527899.3518379,1836,0.0
1690527899.366901,1837,0.0
1690527899.382299,1838,0.0
1690527899.427218,1841,-2.0
1690527899.4425511,1842,0.0
1690527899.457702,1843,0.0
1690527899.488085,1845,0.0
1690527899.502609,1846,0.0
1690527899.51738,1847,0.0
1690527899.54737,1849,0.0
1690527899.5625558,1850,-2.0
1690527899.607636,1853,0.0
1690527899.623072,1854,0.0
1690527899.652533,1856,0.0
1690527899.6829,1858,0.0
1690527899.699075,1859,0.0
1690527899.713995,1860,0.0
1690527899.8204212,1867,0.0
1690527899.836292,1868,0.0
1690527899.8515232,1869,-2.0
1690527899.867069,1870,-2.0
1690527899.960499,1876,0.0
1690527899.976494,1877,0.0
1690527899.9916,1878,0.0
1690527900.006868,1879,0.0
1690527900.021803,1880,2.0
1690527900.05165,1882,0.0
1690527900.097137,1885,0.0
1690527900.143552,1888,2.0
1690527900.205517,1892,0.0
1690527900.2202618,1893,0.0
1690527900.23509,1894,0.0
1690527900.249726,1895,0.0
1690527900.2643561,1896,0.0
1690527900.2927969,1898,0.0
1690527900.307734,1899,0.0
1690527900.497586,1903,0.0
1690527900.541962,1906,0.0
1690527900.5573802,1907,-2.0
1690527900.603418,1910,0.0
1690527900.618779,1911,0.0
1690527900.633824,1912,2.0
1690527900.6489081,1913,2.0
1690527900.6637702,1914,0.0
1690527900.6934521,1916,0.0
1690527900.708705,1917,2.0
1690527900.724097,1918,-2.0
1690527900.738954,1919,0.0
1690527900.7539499,1920,0.0
1690527900.8132741,1924,0.0
1690527900.828332,1925,0.0
1690527900.843549,1926,0.0
1690527900.888968,1929,0.0
1690527900.917801,1931,0.0
1690527900.932699,1932,0.0
1690527900.9482722,1933,2.0
1690527900.9793558,1935,0.0
1690527900.994323,1936,0.0
1690527901.0087302,1937,0.0
1690527901.037933,1939,0.0
1690527901.053617,1940,0.0
1690527901.099222,1943,2.0
1690527901.128586,1945,0.0
1690527901.1582458,1947,0.0
1690527901.17293,1948,-2.0
1690527901.2029161,1950,8.0
1690527901.2478569,1953,8.0
1690527901.27757,1955,0.0
1690527901.29278,1956,0.0
1690527901.307745,1957,0.0
1690527901.3378718,1959,0.0
1690527901.368201,1961,0.0
1690527901.3830469,1962,0.0
1690527901.3979552,1963,0.0
1690527901.4577239,1967,-2.0
1690527901.472939,1968,0.0
1690527901.503402,1970,2.0
1690527901.533098,1972,0.0
1690527901.609847,1977,0.0
1690527901.6702652,1981,0.0
1690527901.685058,1982,0.0
1690527901.700016,1983,0.0
1690527901.714306,1984,0.0
1690527901.893167,1996,0.0
1690527901.9232059,1998,0.0
1690527902.0833752,2000,-2.0
